INSERT INTO ucvhcqdk_develop.rw_employment_types (id, type) VALUES (1, 'Полная занятость');
INSERT INTO ucvhcqdk_develop.rw_employment_types (id, type) VALUES (2, 'Проектная работа');
INSERT INTO ucvhcqdk_develop.rw_employment_types (id, type) VALUES (3, 'Стажировка');
INSERT INTO ucvhcqdk_develop.rw_employment_types (id, type) VALUES (4, 'Частичная занятость');

INSERT INTO ucvhcqdk_develop.rw_job_categories (id, category, weight) VALUES (1, 'IT', 1);
INSERT INTO ucvhcqdk_develop.rw_job_categories (id, category, weight) VALUES (4, 'Дизайн, анимация, графика', 2);
INSERT INTO ucvhcqdk_develop.rw_job_categories (id, category, weight) VALUES (5, 'Маркетинг, Реклама', 3);
INSERT INTO ucvhcqdk_develop.rw_job_categories (id, category, weight) VALUES (6, 'Медиа', 4);
INSERT INTO ucvhcqdk_develop.rw_job_categories (id, category, weight) VALUES (7, 'Образование', 5);
INSERT INTO ucvhcqdk_develop.rw_job_categories (id, category, weight) VALUES (8, 'Переводы', 6);
INSERT INTO ucvhcqdk_develop.rw_job_categories (id, category, weight) VALUES (9, 'Поддержка, админ-ая деятельность', 7);
INSERT INTO ucvhcqdk_develop.rw_job_categories (id, category, weight) VALUES (10, 'Продажи', 8);
INSERT INTO ucvhcqdk_develop.rw_job_categories (id, category, weight) VALUES (11, 'Тексты и контент', 9);
INSERT INTO ucvhcqdk_develop.rw_job_categories (id, category, weight) VALUES (12, 'Финансы, Учет, Аудит', 10);
INSERT INTO ucvhcqdk_develop.rw_job_categories (id, category, weight) VALUES (13, 'Фото и видео', 11);
INSERT INTO ucvhcqdk_develop.rw_job_categories (id, category, weight) VALUES (14, 'Другое', 12);
INSERT INTO ucvhcqdk_develop.rw_job_categories (id, category, weight) VALUES (15, 'HR', 13);
INSERT INTO ucvhcqdk_develop.rw_jobs (id, created_at, updated_at, published, company_title, company_about, company_logo, job_categories_id, title, employment_types_id, description, duties, requirements, conditions, skills, min_salary, max_salary, currency, contact_person_name, contact_person_email, contact_person_other, status, temp_url) VALUES (57, 1554281598, 1554281642, 1554281642, 'Rede - Media', '<p>https://rede.media/</p>', '03-04-19-11-52-22.png', 1, 'SMM (Social Media Manager)', 1, '', '', '<ul class=''list''>
	<li>Pages Setup</li>
	<li>Page Optimization</li>
	<li>Content Creation (Free Graphics &amp; Vectors )</li>
	<li>Promotional Photos</li>
	<li>Post Scheduling</li>
	<li>Video Making &amp; Editing</li>
	<li>Facebook Twitter Covers</li>
	<li>Ads Setup</li>
	<li>Website management</li>
	<li>Manage social media (Facebook, twitter, linkedIn, Instagram)</li>
	<li>Blog writing</li>
	<li>Daily content posting</li>
	<li>Build and execute social media strategy</li>
	<li>Facebook interaction posts</li>
	<li>Set up and optimize company pages within each platform to increase the visibility of company&rsquo;s social content</li>
	<li>Collaborate with other departments (customer relations, sales etc) to manage reputation, identify key players and coordinate actions</li>
</ul>
', '', 'Facebook API, Google AdWords, Google Analytics, SEO, Копирайтинг, Наполнение контентом, Контекстная реклама, Social Media Marketing, Администрирование сайтов', '500', '1500', 'usd', 'Aleksandr', 'company.wdg@gmail.com', '', 1, '');
INSERT INTO ucvhcqdk_develop.rw_jobs (id, created_at, updated_at, published, company_title, company_about, company_logo, job_categories_id, title, employment_types_id, description, duties, requirements, conditions, skills, min_salary, max_salary, currency, contact_person_name, contact_person_email, contact_person_other, status, temp_url) VALUES (58, 1554463553, 1554463586, 1554463586, 'Mentalstack', '<p>https://mentalstack.com/</p>', '05-04-19-02-25-33.png', 1, 'Full Stack PHP Developer', 1, '', '', '<ul class=''list''>
	<li>Опыт работы с Git</li>
	<li>Понимание паттернов MVC, MVVM</li>
	<li>Уверенное владение JavaScript (ES5, ES6, Babel), TypeScript</li>
	<li>Экспертное знание одного или нескольких фреймворков Angular 2+ / React / Vue</li>
	<li>Опыт разработки клиент-серверных решений на PHP, Laravel / Symfony</li>
	<li>Навыки профилирования, отладки и оптимизации Back-End&#39;а и&nbsp;Front-End&#39;а</li>
	<li>Опыт работы со сборщиками Gulp, Grunt, Webpack</li>
	<li>Активную жизненную позицию</li>
	<li>Опыт работы в команде</li>
</ul>
', '<ul class=''list''>
	<li>
	<p>Удаленное сотрудничество</p>
	</li>
	<li>
	<p>График 5/2, фулл-тайм, гибкое утро</p>
	</li>
	<li>
	<p>Официальное трудоустройство с первого дня</p>
	</li>
	<li>
	<p>Высокую белую заработную плату и оплачиваемые переработки</p>
	</li>
	<li>
	<p>ДМС для сотрудников, 100% оплату больничных</p>
	</li>
	<li>
	<p>Только актуальные технологии и интересные задачи</p>
	</li>
	<li>
	<p>Прохождение сертификаций, посещение тренингов, конференций</p>
	</li>
</ul>
', 'PHP, Laravel, Symfony, JavaScript, PHP5, Git, Angular, React, HTML , CSS, Docker', '', '', 'rub', 'Ермак Елена', 'eermak@mentalstack.com', '', 1, '');
INSERT INTO ucvhcqdk_develop.rw_jobs (id, created_at, updated_at, published, company_title, company_about, company_logo, job_categories_id, title, employment_types_id, description, duties, requirements, conditions, skills, min_salary, max_salary, currency, contact_person_name, contact_person_email, contact_person_other, status, temp_url) VALUES (59, 1554627034, 1554629485, 1554629485, 'IMS', '<p>IMS &mdash; агентство интегрированных маркетинговых коммуникаций. Другими словами: рекламное агентство полного цикла. Работаем в районе станции метро Петроградская. У нас дружный коллектив, с которым комфортно работать и приятно&nbsp;отдыхать.</p>', '07-04-19-11-50-27.jpeg', 5, 'SMM-менеджер', 1, '', '<ul class=''list''>
	<li>Реализовывать стратегию присутствия и продвижения клиентов агентства в social media</li>
	<li>Вести аккаунты в соц. сетях, взаимодействовать с подписчиками</li>
	<li>Знать основы таргетированной рекламы в соцсетях</li>
	<li>Организовывать конкурсы/розыгрыши в социальных сетях</li>
	<li>Разрабатывать и внедрять механизмы по привлечению аудитории социальных сетей</li>
	<li>Создавать &quot;продающие&quot; тексты для всевозможных рекламных материалов</li>
	<li>Отслеживание трендов&nbsp;SMM</li>
</ul>
', '<ul class=''list''>
	<li>Высшее образование (маркетинг, реклама, PR)</li>
	<li>Навыки копирайтера, грамотный русский язык</li>
	<li>Знания и навыки в области таргетированной рекламы: ВК, Facebook, Instagram, Одноклассники</li>
	<li>Навыки работы с графическими редакторами (Photoshop CC)</li>
	<li>Проактивность, инициативность, генерирование новых идей</li>
	<li>Интерес к&nbsp;SMM&nbsp;и новым каналам продвижения</li>
	<li>Ответственность, внимательность, нацеленность на результат</li>
	<li>Хорошее знание Excel и PowerPoint (умение визуализировать свои мысли в формат презентации).</li>
</ul>
', '', 'Самостоятельное построение ссылочной структуры, Яндекс.Директ, Google Analytics, Наполнение контентом, Партнерские программы в социальных сетях,', '20000', '40000', 'rub', 'Шумаев Вадим', 'Vic.but2013@gmail.com', 'hello@imsagency.ru', 1, '');
INSERT INTO ucvhcqdk_develop.rw_jobs (id, created_at, updated_at, published, company_title, company_about, company_logo, job_categories_id, title, employment_types_id, description, duties, requirements, conditions, skills, min_salary, max_salary, currency, contact_person_name, contact_person_email, contact_person_other, status, temp_url) VALUES (60, 1554629505, 1554632305, 1554632305, 'Зеленый век', '<p>Наша клиника косметологии и лазерной эпиляции существует 2 года.<br />
Мы - постоянно растущая компания, с дружным, сплоченным коллективом, интересными и креативными задачами.</p>', '07-04-19-12-31-35.jpeg', 5, 'SMM-менеджер / Маркетолог', 1, '', '<p>1.В несения обновлений на сайт<br />
2. Создание и продвижение рекламных компаний, акций и спецпредложений с их последующим анализом, способствующих записи новых клиентов и повышения лояльности тех, кто уже является клиентами Центра<br />
3. Создание рекламных проектов с оценкой их эффективности<br />
4. Поиск эффективных партнеров и проведение с ними совместных рекламных акций<br />
5. Постоянное обучение и внедрение новых эффективных каналов продвижения<br />
6. Анализ рекламных компаний конкурентов<br />
7. Обучение сотрудников продвижению услуг Центра, в том числе разработка инструкций по продажам услуг и препаратов<br />
8. Постоянное общение с пациентами, проведение опросов для понимания целевой аудитории<br />
9. Эффективное позиционирование клиники и повышение лояльности среди пациентов<br />
10. Создание качественного контента для сайта, постов в соц сетях, копирайтинг<br />
11. Корректировка существующих объявлений и рекламных кампаний самостоятельно или с помощью подрядчиков, постоянное повышение эффективности контекстной рекламы<br />
12. Работа на форумах для повышения узнаваемости бренда клиники, увеличения кол-ва первичных пациентов<br />
13. Проведение аналитики текущей маркетинговой стратегии. Отслеживание конверсии проводимых акций, внесение необходимых коррективов для увеличения конверсии<br />
14. Разработка акций/конкурсов/розыгрышей для поддержания активности аудитории в группе и стимулирующих продажи услуг, кросс-маркетинг<br />
15. Комплексное SEO-продвижение сайта в поисковых системах Яндекс, Google<br />
16. Еженедельная и ежемесячная отчетность<br />
17. Установление и поддержка взаимоотношений с партнерами<br />
18. Комплексный e-mail маркетинг</p>
', '<ol>
	<li>Образование: высшее</li>
	<li>Ответственность, пунктуальность и инициативность</li>
	<li>&nbsp;Грамотный русский язык</li>
	<li>&nbsp;Уверенное пользование ПК - Office, Photoshop</li>
	<li>&nbsp;Умение работать с web аналитикой</li>
	<li>&nbsp;Навыки ведения групп в соц. сетях - креативность, постоянная работа над повышением вовлеченности и увеличением охвата</li>
	<li>&nbsp;Владение навыками ведения рекламных кампаний в Яндекс Директ и Google Ads, а также умение работать с рекламным кабинетом Facebook Ads и рекламным кабинетом в ВК будет вашим конкурентным преимуществом</li>
	<li>&nbsp;Самое главное - обучаемость и желание работать на результат!</li>
</ol>
', '<p>1. Работа в дружном коллективе, в котором всегда приветствуется помощь и взаимовыручка<br />
2. Положительное отношение руководства к проявлению инициативы<br />
3. Возможность достижения своих целей вместе с целями компании<br />
4. Удобное расположение Клиники - в самом центре, недалеко от метро, рядом с остановкой и парковкой.<br />
5. Постоянное обучение и повышение квалификации<br />
6. Возможность получить доступ к услугам клиники с корпоративной скидкой</p>
', 'Adobe Photoshop, Копирайтинг , facebook ads ,Яндекс.Директ , Google AdWords , Google Analytics , Яндекс.Метрика , SEO. ', '30000', '', 'rub', 'Дина Андреева', 'Vic.but2013@gmail.com', 'dina@smmedicine.ru', 1, '');
INSERT INTO ucvhcqdk_develop.rw_jobs (id, created_at, updated_at, published, company_title, company_about, company_logo, job_categories_id, title, employment_types_id, description, duties, requirements, conditions, skills, min_salary, max_salary, currency, contact_person_name, contact_person_email, contact_person_other, status, temp_url) VALUES (61, 1554634289, 1554634321, 1554634321, 'Пять стен', '<p>&quot;5 стен&quot; - это креативная&nbsp;команда профессионалов в области строительства. Работа в команде позволяет грамотно&nbsp;сочетать&nbsp;наши&nbsp;возможности&nbsp;и пожелания&nbsp;клиента для достижения успешного&nbsp;результата.&nbsp;Собственное производство дает возможность&nbsp;существенно экономить на себестоимости материалов и, как следствие, гарантировать приемлемые цены. Наша компания сама занимается заготовкой леса и обработкой дерева, обеспечивая строительство всеми деревянными комплектующими.</p>', '07-04-19-01-51-25.jpeg', 1, 'SMM-менеджер', 1, '', '<p>&mdash; разработка стратегии присутствия бренда в сети интернет<br />
&mdash; раскрутка сообществ в социальных сетях, формирование активного комьюнити;<br />
&mdash; подготовка публикаций и специальных предложений, различного типа контента;<br />
&mdash; управление репутацией бренда, нейтрализация негатива;<br />
&mdash; инициирование и проведение кампаний в социальных сетях, акций и конкурсов;<br />
&mdash; контроль сроков и качества реализации кампаний в социальных сетях, мониторинг расходования бюджета на&nbsp;SMM;<br />
&mdash; мониторинг упоминаний бренда в социальных сетях.<br />
&mdash; анализ статистики&nbsp;SMM-продвижения компании.</p>
', '<p>&mdash; умение разрабатывать и реализовывать концепцию продвижения компании в соцмедиа (&ldquo;ВКонтакте&rdquo;, Facebook, Twitter, Instagram, YouTube и др.).<br />
&mdash; знание механизмов продвижения в соцсетях и&nbsp;SMM-инструментов;<br />
&mdash; написание текстового контента, отвечающего требованию социальных сетей;<br />
&mdash; умение настраивать таргетированную рекламу в соцсетях (Instagram, Facebook, &ldquo;ВКонтакте&rdquo;, Таргет@Mail.Ru и др.);<br />
&mdash; умение подбирать площадки в соцсетях для&nbsp;SMM-продвижения;<br />
&mdash; понимание аудитории, умение с ней работать и общаться на одном языке, навыки комьюнити-менеджмента;<br />
&mdash; знание основ верстки веб-страниц;<br />
&mdash; разработка лендинг страниц (изучуние и создания страниц если нет опыта)<br />
&mdash; генерация креативных идей по продвижению в соцсетях;<br />
&mdash; отличное знание русского языка, умение красиво писать текста<br />
&mdash; создание контента ОТ и ДО</p>
', '', '', '1', '1', 'rub', 'Анастасия', 'Vic.but2013@gmail.com', 't.a.s91@yandex.ru', 1, '');
INSERT INTO ucvhcqdk_develop.rw_jobs (id, created_at, updated_at, published, company_title, company_about, company_logo, job_categories_id, title, employment_types_id, description, duties, requirements, conditions, skills, min_salary, max_salary, currency, contact_person_name, contact_person_email, contact_person_other, status, temp_url) VALUES (62, 1554636671, 1554636696, 1554636696, 'Гарант-Сервис', '', null, 14, 'SEO-специалист', 1, '', '<ul class=''list''>
	<li>Анализ сайтов (верстка, структура, контент, индексация поисковиками, мониторинг запросов) ;</li>
	<li>&nbsp;Составление и корректировка семантического ядра сайтов;</li>
	<li>SEO - копирайтинг (подготовка и корректировка контента для продвижения);</li>
	<li>SEO - оптимизация сайтов;</li>
	<li>Контекстная реклама GOOGLE, YANDEX;</li>
	<li>Анализ статистики посетителей и позиций</li>
</ul>
', '<ul class=''list''>
	<li>Понимание принципов работы поисковых систем;</li>
	<li>Знание методов поисковой оптимизации и умение применять их на практике;</li>
	<li>Навыки работы с инструментами автоматизации поискового продвижения;</li>
	<li>Ответственность, целеустремленность и исполнительность, хорошие аналитические способности.</li>
	<li>Умение четко выражать свои мысли и понимать поставленные задачи;</li>
</ul>
', '<ul class=''list''>
	<li>Работа в самом лучшем молодом коллективе энергично развивающейся компании;</li>
	<li>Возможность профессионального и карьерного роста;</li>
	<li>Самореализация и развитие;</li>
	<li>Отсутствие в компании &quot;текучки&quot;</li>
	<li>Премии, надбавки</li>
	<li>Мы любим корпоративные мероприятия, поэтому проводим их только в лучших местах отдыха города.</li>
</ul>
', 'SEO оптимизация, Аудит поисковой видимости сайта, Копирайтинг, Составление семантического ядра .', '', '', 'rub', 'Алексей Омельченко', 'Vic.but2013@gmail.com', 'it-kkm@mail.ru', 1, '');
INSERT INTO ucvhcqdk_develop.rw_jobs (id, created_at, updated_at, published, company_title, company_about, company_logo, job_categories_id, title, employment_types_id, description, duties, requirements, conditions, skills, min_salary, max_salary, currency, contact_person_name, contact_person_email, contact_person_other, status, temp_url) VALUES (63, 1554637067, 1554640203, 1554640200, 'Wellink', '<p>www.wellink.ru</p>

<p>В связи расширением открываем набор на позицию&nbsp;Frontend&nbsp;Developer&nbsp;и ищем талантливых, высоко мотивированных людей, чтобы продолжить нашу успешную историю вместе!</p>', '07-04-19-02-37-41.jpeg', 1, 'Frontend/Javascript developer', 1, '', '<ul class=''list''>
	<li>Разработка новой функциональности.</li>
	<li>Поддержка работоспособности системы.</li>
	<li>Участие в обсуждении новой функциональности.</li>
</ul>
', '<ul class=''list''>
	<li>Уверенные знания JavaScript - ES2017</li>
	<li>Опыт создания SPA и взаимодействия с backend</li>
	<li>Опыт работы как минимум с одним из фреймворков: Angular 2/5, React, Vue 2</li>
	<li>Владение HTML5, CSS3, опыт работы с CSS-препроцессорами - Sass/Less/Stylus и пр.</li>
	<li>Умение адаптивно, кроссбраузерно верстать</li>
	<li>Опыт работы с Git</li>
</ul>
', '<ul class=''list''>
	<li>Постоянная работа в комфортном офисе в Новосибирском Академгородке (здание Технопарка), удаленная работа также возможна.</li>
	<li>Пятидневная 8-часовая рабочая неделя.</li>
	<li>Гибкий график.</li>
	<li>Официальное оформление с ежегодным оплачиваемым отпуском.</li>
	<li>Стабильные квартальные премии по результатам коммерческих проектов.</li>
	<li>Перспективы профессионального и карьерного роста.</li>
</ul>
', 'HTML5, CSS3, JavaScript, CSS', '', '', 'rub', 'Иблиева Екатерина', 'Vic.but2013@gmail.com', 'office-nsk@wellink.ru', 1, '');
INSERT INTO ucvhcqdk_develop.rw_jobs (id, created_at, updated_at, published, company_title, company_about, company_logo, job_categories_id, title, employment_types_id, description, duties, requirements, conditions, skills, min_salary, max_salary, currency, contact_person_name, contact_person_email, contact_person_other, status, temp_url) VALUES (64, 1554637461, 1554640203, 1554640200, 'Akvelon', '<p>akvelon-ivanovo.ru</p>

<p>Akvelon&nbsp;занимается промышленной разработкой программного обеспечения для известных технологических и телекоммуникационных компаний, а также фирм, работающих в области юриспруденции, разработки игр, образования, масс-медиа, туризма, медицины и пр.</p>', '07-04-19-02-44-14.png', 1, 'Middle and Senior Front-end Developer', 1, '', '<ul class=''list''>
	<li>
	<p>Внедрение функций и пользовательских интерфейсов, используя ReactJS и Redux</p>
	</li>
	<li>
	<p>Создание эффективных и многоразовых интерфейсных систем для управления веб- приложениями</p>
	</li>
	<li>
	<p>Реализация нового функционала и баг-фиксинг</p>
	</li>
	<li>
	<p>Решение сложных задач</p>
	</li>
</ul>
', '<ul class=''list''>
	<li>
	<p>Опыт работы с JavaScript, CSS, и HTML5</p>
	</li>
	<li>
	<p>React/Redux либо другие фреймворки Angular, jQuery, Webpack, CSS Preprocessors (like SASS, PostCSS)</p>
	</li>
	<li>
	<p>Отличные инженерные навыки и знание основ CS</p>
	</li>
	<li>
	<p>Знание английского языка</p>
	</li>
	<li>
	<p>Работа с Git или другими системами контроля версий</p>
	</li>
</ul>
', '<ul class=''list''>
	<li>
	<p>Действительно интересные проекты, о которых не стыдно написать в резюме</p>
	</li>
	<li>
	<p>Высокую заработную плату</p>
	</li>
	<li>
	<p>Официальное трудоустройство</p>
	</li>
	<li>
	<p>Гибкий график работы</p>
	</li>
	<li>
	<p>Оплачиваем и поощряем получение сертификаций</p>
	</li>
	<li>
	<p>Готовы продвигать вас и помогать в реализации как профессионалу</p>
	</li>
	<li>
	<p>Возможны рабочие командировки в США</p>
	</li>
	<li>
	<p>Возможен переезд в США при желании</p>
	</li>
</ul>
', 'JavaScript, React.js , Redux , CSS ,HTML5 .', '', '', 'rub', 'Панова Альбина', 'Vic.but2013@gmail.com', '+7 (920) 3595530', 1, '');
INSERT INTO ucvhcqdk_develop.rw_jobs (id, created_at, updated_at, published, company_title, company_about, company_logo, job_categories_id, title, employment_types_id, description, duties, requirements, conditions, skills, min_salary, max_salary, currency, contact_person_name, contact_person_email, contact_person_other, status, temp_url) VALUES (66, 1554810324, 1554813903, 1554813900, 'Креплига', '', '09-04-19-02-44-08.jpeg', 14, 'Менеджер по продажам', 1, '', '<p>- формирование клиентской базы с нуля<br />
- активный поиск клиентов<br />
- холодные звонки</p>
', '<p>- опыт в оптовых продажах В2В от 5 лет<br />
- активная жизненная позиция<br />
- желание зарабатывать и развиваться вместе с компанией<br />
- опыт поиска клиентов</p>
', '<p>Молодая компания по оптовой торговле нержавеющим крепежом и мебельной фурнитурой ищет менеджера по продажам для работы в удаленном доступе (из дома). Мы предлагаем в качестве оплаты процент от продажи. Предложение для уверенных в себе и своих навыках людей.</p>
', '', '20000', '100000', 'rub', 'Алексей', 'Vic.but2013@gmail.com', '+7 (903) 9650924
krepliga@yandex.ru', 1, '');
INSERT INTO ucvhcqdk_develop.rw_jobs (id, created_at, updated_at, published, company_title, company_about, company_logo, job_categories_id, title, employment_types_id, description, duties, requirements, conditions, skills, min_salary, max_salary, currency, contact_person_name, contact_person_email, contact_person_other, status, temp_url) VALUES (67, 1554810666, 1554813903, 1554813900, 'TONY MOLY', '<p>TONY MOLY - это самый узнаваемый косметический бренд из Южной Кореи. География TONY MOLY сегодня это 50 стран мира, а количество фирменных магазинов в 2017 году достигло 952. TONY MOLY - это бренд с нестандартными идеями, уникальными компонентами, с яркими, необычными, запоминающимися упаковками!</p>', '09-04-19-02-50-51.jpeg', 5, 'CMM менеджер', 1, '', '<ul class=''list''>
	<li>разработка контент-плана для аккаунтов компании в социальных сетях;</li>
	<li>создание контента (фото, видео, новости, статьи, конкурсы, прямые эфиры);</li>
	<li>публикация постов;</li>
	<li>производство фото-и видеоконтента для stories;</li>
	<li>обратная связь (модерация);</li>
	<li>инфлюенс-маркетинг и взаимодействие с лидерами мнений: изучение и поиск блогеров, ведение переговоров;</li>
	<li>рассылка подарков блогерам, документальное сопровождение сотрудничества;</li>
	<li>адаптация инфоповодов под специфику компании;</li>
	<li>управление репутацией бренда в контроль за отзывами компании в медиа;</li>
	<li>ведение отчетности, оценка эффективности СММ мероприятий;</li>
	<li>привлечение целевой аудитории, увеличение вовлеченности и количества подписчиков</li>
</ul>
', '<ul class=''list''>
	<li>Опыт ведения соцсетей</li>
	<li>Опыт настройки таргетированной рекламы</li>
	<li>Интерес к темам ухода за собой, красоты и косметики</li>
	<li>Знание ключевых показателей в интернет-маркетинге (CR/CPC/ER и др.)</li>
	<li>Знание и умение настраивать таргетированную рекламу, умение планировать бюджет, анализировать эффективность рекламных кампаний</li>
	<li>Портфолио (кейсы)</li>
</ul>
', '<ul class=''list''>
	<li>
	<p>Молодой и дружный коллектив профессионалов без бюрократии, мы всегда рады новым предложениям и начинаниям</p>
	</li>
	<li>​График: 5/2</li>
	<li>​Доход: оклад 50 000 р. + премия, основанная на выполнении KPI</li>
	<li>​Оформление согласно ТК РФ, своевременные выплаты 2 раза в месяц</li>
</ul>
', '', '50000', '', 'rub', 'Арьянова Долгор', 'Vic.but2013@gmail.com', '+8 (977) 5635366
pr@tomogroup.ru', 1, '');
INSERT INTO ucvhcqdk_develop.rw_jobs (id, created_at, updated_at, published, company_title, company_about, company_logo, job_categories_id, title, employment_types_id, description, duties, requirements, conditions, skills, min_salary, max_salary, currency, contact_person_name, contact_person_email, contact_person_other, status, temp_url) VALUES (68, 1554810987, 1554813903, 1554813900, 'Айти Крон', '<p>О позиции</p>

<p>Android-разработчик, отзовись в нашу компанию! Устал от бюрократии и дальней дороги до офиса - приходи к нам!</p>

<p>У нас по-домашнему и ездить никуда не надо :) У нас есть gitlab, CI, CD и все что нужно для комфортной работы.</p>

<p>Ну а ниже все детали о вакансии!</p>', '09-04-19-02-56-22.png', 1, 'Android разработчик', 1, '', '<ul class=''list''>
	<li>Разрабатывать Android-проекты и отвечать за свой код</li>
	<li>Оценивать поступающие задачи по срокам</li>
	<li>Быть на связи в рабочее время</li>
	<li>Pixel-perfect разработка, потому что мы делаем продукт хорошего качества</li>
</ul>
', '<ul class=''list''>
	<li>Опыт разработки под Android (более 2-х лет Java + более 1-го года на Kotlin)</li>
	<li>Знание git; Понимание как работает ci, cd (fastlane)</li>
	<li>Знание Retrofit, Realm</li>
	<li>Понимание что такое Flavors и зачем он нужен</li>
	<li>Подтвержденный опыт работ в Google Play</li>
</ul>
', '<ul class=''list''>
	<li>Удаленная работа</li>
	<li>Свободный график</li>
</ul>
', '', '70000', '100000', 'rub', 'Александр Сергеевич', 'Vic.but2013@gmail.com', '+7 (495) 0061357
 a@it-cron.ru', 1, '');
INSERT INTO ucvhcqdk_develop.rw_jobs (id, created_at, updated_at, published, company_title, company_about, company_logo, job_categories_id, title, employment_types_id, description, duties, requirements, conditions, skills, min_salary, max_salary, currency, contact_person_name, contact_person_email, contact_person_other, status, temp_url) VALUES (69, 1554811979, 1554813904, 1554813900, 'Компания Тарра', '<p>tarra.ru</p>

<p>Нашей компании в этом году исполнилось ровно 10 лет. Изначально это была компания, которая осуществляла продажи только полипропиленовых мешков. С каждым годом ассортиментный перечень ширился. На сегодняшний день мы являемся крупнейшими поставщиками на рынке тары и упаковки. Теперь вам не нужно объезжать несколько фирм для того что бы приобрести различную тарную упаковку, не нужно переезжать из одного конца города в другой. Достаточно приехать к нам. Мы являемся единственным своего рода супермаркетом тарной и упаковочной продукции. Свыше тысячи наименований. У нас полностью отсутствуют ограничения по количеству. Вы можете приобрести как одну единицу продукции, так и вагонные нормы. Причем цены будут во много раз ниже, цены конкурирующих фирм. Склад и офис в одном месте, что облегчит вам покупку интересующего вас товара. Также мы готовы изготовить нужную Вам продукцию по Вашим размерам и качеству.</p>', '09-04-19-03-12-48.png', 5, 'Руководитель проекта "разработка франшизы"', 2, '', '<p>1) Выявить и систематизировать перечень всех вопросов, связанных с реализацией проекта франшиза<br />
	2) Совместно с юристом разработать юридическое сопровождение сделок (проект договор, схема регистрация в Рег. палате и прочее). Как итог создать договор, который будет использоваться при заключении сделок. Формализовать необходимые шаги для регистрации договора.<br />
	3) Формализовать и протестировать бизнес процессы франшизы ( выявить, отстроить (прописать, создать регламенты) всю цепочку бизнес процессов которые будут участвовать в сделках франшизы (т.е. что должен делать менеджер по продажам, что должен делать бухгалтер, что должен делать склад, что должен делать руководитель и т.д.)<br />
	4) Обучить персонал и протестировать (подготовить тестовые вопросы на основании построенных регламентов участвующих в бизнес процессе франшиза, обучить и протестировать знания персонала)<br />
	5) Дать рекомендации по раскручиванию франшизы в интернете<br />
	Требования: Необходим опыт работы по разработке франшизы. Большая просьба, без опыта работы не обращайтесь. Необходимо прислать выполненные проекты 2-3 шт, в которых принимали непосредственное участие.<br />
	&nbsp;</p>
', '<ul class=''list''>
	<li>опыт работы:&nbsp;3&ndash;6 лет</li>
</ul>
', '<ul class=''list''>
	<li>Условия: Стоимость проекта 200 000руб. Оплачиваем после того как работа будет выполнена под ключ</li>
</ul>
', '', '', '200000', 'rub', 'Аминов Рустам', 'Vic.but2013@gmail.com', '+7 (985) 9238168
vadim1212@mail.ru', 1, '');
INSERT INTO ucvhcqdk_develop.rw_jobs (id, created_at, updated_at, published, company_title, company_about, company_logo, job_categories_id, title, employment_types_id, description, duties, requirements, conditions, skills, min_salary, max_salary, currency, contact_person_name, contact_person_email, contact_person_other, status, temp_url) VALUES (70, 1554812839, 1554812873, 1554812873, 'Альфасофт', '<p>Компания&nbsp;&quot;Альфасофт&quot;&nbsp;(продажа, подключение и обслуживание контрольно-кассовой техники нового образца, а так же торгового оборудования) проводит набор на вакансию&nbsp;менеджер авито.</p>', '09-04-19-03-27-15.jpeg', 5, 'Менеджер по работе с Авито', 1, '', '<ul class=''list''>
	<li>Выкладка объявлений по ТЗ (шаблоны есть) в Авито магазине.</li>
	<li>Редактирование имеющихся объявлений, повышение конверсии;</li>
	<li>Анализ конкурентов в данной нише;</li>
</ul>
', '<ul class=''list''>
	<li>наличие опыта ведения Авито-магазина;</li>
	<li>способность к восприятию большого объема информации;</li>
	<li>грамотная письменная речь;</li>
	<li>выкладка объявлений в определенное время</li>
</ul>
', '<ul class=''list''>
	<li>Материал фото/видео для объявлений;</li>
	<li>адекватное руководство и обучение;</li>
	<li>Испытательный срок 2 недели</li>
	<li>Работа удаленная либо в офисе (в офисе оплата больше)</li>
	<li>достойная заработная плата и мотивация;</li>
	<li>Доход от 10 000 до 40.000 руб в зависимости типа работы (удаленно/офис)</li>
</ul>
', '', '10000', '40000', 'rub', 'Пасатецкий Радосвет', 'Vic.but2013@gmail.com', '+7 (964) 5939229, Будни с 10:00 до 19:00', 1, '');
INSERT INTO ucvhcqdk_develop.rw_jobs (id, created_at, updated_at, published, company_title, company_about, company_logo, job_categories_id, title, employment_types_id, description, duties, requirements, conditions, skills, min_salary, max_salary, currency, contact_person_name, contact_person_email, contact_person_other, status, temp_url) VALUES (71, 1554814095, 1554821772, 1554821772, 'AXIOMA', '<p>www.axiomadev.ru</p>', '09-04-19-03-48-07.jpeg', 1, 'Веб-программист', 1, '', '', '<ul class=''list''>
	<li>
	<p>Опыт front-end программирования (JavaScript + ReactJS или Angular);</p>
	</li>
	<li>
	<p>Опыт back-end программирования (PHP или Ruby или NodeJS);</p>
	</li>
	<li>
	<p>Понимание принципов работы работы блокчейна и криптовалют;</p>
	</li>
	<li>
	<p>Знание теоретических основ и технологий программирования;</p>
	</li>
	<li>
	<p>Знание и опыт применения автоматизированного тестирования.</p>
	</li>
</ul>

<p>Преимуществами будет считаться опыт в следующих технологиях</p>

<ul class=''list''>
	<li>
	<p>Опыт разработки под Bitcoin и Ethereum;</p>
	</li>
	<li>
	<p>Опыт верстки (HTML, CSS, SASS/LESS);</p>
	</li>
	<li>
	<p>Понимание принципов и практик в проектировании высоконагруженных веб-проектов;</p>
	</li>
	<li>
	<p>Владение разговорным английским.</p>
	</li>
</ul>
', '<ul class=''list''>
	<li>
	<p>Интересные, высокотехнологичные проекты;</p>
	</li>
	<li>
	<p>Возможности карьерного роста и бесплатное обучение;</p>
	</li>
	<li>
	<p>Высокую заработную плату;</p>
	</li>
	<li>
	<p>Комфортные условия работы;</p>
	</li>
	<li>
	<p>Стабильность;</p>
	</li>
	<li>
	<p>Дружный и профессиональный коллектив.</p>
	</li>
</ul>
', 'ReactJS, Blockchain, Solidity, HTML, CSS, SASS/LESS, JavaScript Full-stack, смарт-контракт, PHP, Ruby, AngularJS, Bitcoin, Ethereum', '', '2500', 'eur', 'Katerina Laptsova', 'Vic.but2013@gmail.com', 'jobs@axioma.lv', 1, '');
INSERT INTO ucvhcqdk_develop.rw_jobs (id, created_at, updated_at, published, company_title, company_about, company_logo, job_categories_id, title, employment_types_id, description, duties, requirements, conditions, skills, min_salary, max_salary, currency, contact_person_name, contact_person_email, contact_person_other, status, temp_url) VALUES (73, 1554880564, 1554880632, 1554880632, 'Тренинг-центр Виталия Кузнецова PROprodazhy', '', null, 5, 'SMM-менеджер в Instagram', 1, '', '<ul class=''list''>
	<li>Помочь развить инстаграмм до 1 млн. подписчиков.</li>
	<li>Повышать показатели вовлеченности в аккаунте, находить и внедрять новые фишки.</li>
	<li>Работа с блогерами, лидерами мнений - поиск, переговоры, организация сотрудничества</li>
	<li>Организация и проведение марафонов, конкурсов</li>
	<li>Контроль таргетированной рекламы, отслеживание показателей</li>
	<li>Участие в разработке контент-стратегии развития профилей и групп в соцсетях</li>
	<li>Работа с аудиторией:создание активностей, вовлечение, модерирование</li>
</ul>

<p>Личные компетенции:</p>

<ul class=''list''>
	<li>Обязан слушать, отвечать, задавать вопросы и привлекать аудиторию.</li>
	<li>Посетители будут задавать вопросы и иногда участвовать в продажах.&nbsp;SMM-менеджер должен иметь знания и опыт процесса продаж, чтобы правильно реагировать.</li>
	<li>Если клиент задает вопрос, SММ-менеджер должен ответить на него и проследить за тем, чтобы привлечь их еще дальше, в конечном итоге направляя их на страницу продукта, форму регистрации или встречу.</li>
	<li>Практикует превосходное управление временем (тайм-менеджент).</li>
	<li>Является командным игроком с уверенностью берет на себя инициативу и направляет других сотрудников, когда это необходимо. (то есть: разработка контента, создание и редактирование контента и управление репутацией в интернете).</li>
</ul>
', '<ul class=''list''>
	<li>Опыт работы в сфере&nbsp;SMM&nbsp;от 2-х лет</li>
	<li>Создание и оформление страниц и сообщества - описание страницы, меню и обложки;</li>
	<li>Формирование контент-плана - составляет список возможных тем для сообщества на какой-то промежуток времени</li>
	<li>Умение чувствовать тренды и быстро их подхватывать</li>
	<li>Креативный подход к работе</li>
	<li>Знание основ маркетинга,&nbsp;SMM, понимание специфики разных соц. сетей</li>
	<li>Понимание, что такое вирусность и как ее добиться</li>
	<li>Договариваться на коллаборации с блогерами и взаимопиары.</li>
	<li>Установленные личные контакты с блогерами будут преимуществом</li>
</ul>
', '<ul class=''list''>
	<li>Удаленная работа</li>
	<li>С 10 до 19</li>
	<li>Оформление по ТК РФ</li>
	<li>Под руководством будет команда - копирайтер, дизайнер и трафик</li>
	<li>Продолжительность испытательного срока: 1-3 месяца</li>
	<li>Оклад &ndash; 30 тр + KPI и бонусы ( до 150 000)</li>
</ul>
', '', '', '150000', 'rub', 'Ирина Колесникова', 'Vic.but2013@gmail.com', '+7 (920) 0188528
proprodazhy@gmail.com', 1, '');
INSERT INTO ucvhcqdk_develop.rw_jobs (id, created_at, updated_at, published, company_title, company_about, company_logo, job_categories_id, title, employment_types_id, description, duties, requirements, conditions, skills, min_salary, max_salary, currency, contact_person_name, contact_person_email, contact_person_other, status, temp_url) VALUES (74, 1554881084, 1554881258, 1554881258, 'VASSA&Co', '<p>vassatrend.ru</p>

<p>Сегодня&nbsp; VASSA&amp;Co - торгово-производственный холдинг с собственной сетью магазинов в Москве,Санкт-Петербурге и других городах России.&nbsp; Престижность и доступность - главные аргументы растущего в течение&nbsp;18&nbsp;&nbsp;лет покупательского спроса.</p>

<p>Стиль от VASSA&amp;Co - урбанистический минимализм - это сочетание классики с иннованционными идеями&nbsp; актуальных трендов.</p>

<p>VASSA&amp;Co for Woman - the less is more.&nbsp;Строгость силуэта, чистота и лаконичность линий, изысканная элегантность, дорогие ткани рождают красоту из минимума деталей.</p>

<p>VASSA&amp;Cо for Men &ndash; стиль для тех, кто принимает решения самостоятельно. Время диктует свои правила и новый подход к традициям. Сочетание классического консерватизма с инновационными идеями создаёт образы, обладающие неповторимым характером.</p>', '10-04-19-10-24-35.png', 5, 'SMM-менеджер (Instagram)', 1, '', '<ul class=''list''>
	<li>Раскрутка и продвижение официальной страницы&nbsp;Instagram&nbsp;- работа на результат</li>
	<li>Органический рост группы - вовлечение пользователей в коммуникацию/обсуждение, увеличение числа реальных подписчиков.</li>
	<li>Подготовка контент-плана, постов, размещение новостей, фотоотчетов.</li>
	<li>Мониторинг профильных форумов, сообществ, трендов в соцсети</li>
</ul>
', '<ul class=''list''>
	<li>Высшее образование.</li>
	<li>Приветствуется профильный опыт работы в компании / digital-агентстве с развитой&nbsp;SMM-функцией: работа с социальными медиа (представление компании на форумах, в социальных сетях).</li>
	<li>Желателен опыт написания постов, статей, пресс-релизов.</li>
	<li>Профильный опыт&nbsp;SMM-поддержки сообществ от 1 года.</li>
	<li>Высокий уровень грамотности письменной и устной речи.</li>
	<li>Личные качества: активность, ответственность, креативный подход к подаче информации, отличные коммуникативные навыки</li>
</ul>
', '<ul class=''list''>
	<li>Свободный график работы, с периодическим посещением офиса</li>
	<li>Уровень заработной платы обсуждается с успешным кандидатом</li>
	<li>ОБЯЗАТЕЛЬНО ПОРТФОЛИО С ПРИМЕРОМ УСПЕШНЫХ ГРУПП</li>
</ul>
', '', '', '', 'rub', 'Тарасова Ксения', 'Vic.but2013@gmail.com', 'info@vassatrend.ru', 1, '');
INSERT INTO ucvhcqdk_develop.rw_jobs (id, created_at, updated_at, published, company_title, company_about, company_logo, job_categories_id, title, employment_types_id, description, duties, requirements, conditions, skills, min_salary, max_salary, currency, contact_person_name, contact_person_email, contact_person_other, status, temp_url) VALUES (75, 1555080502, 1555159206, 1555159206, 'Rede - Media', '<p>https://rede.media/</p>', '12-04-19-05-47-27.png', 5, 'SMM менеджер (instagram)', 1, '', '<ul class=''list''>
	<li>Ведение нескольких проектов в социальных сетях Instagram</li>
	<li>разработка стратегии присутствия бренда в сети интернет</li>
	<li>подготовка публикаций и специальных предложений, различного типа контента;</li>
	<li>инициирование и проведение кампаний в социальных сетях, акций и конкурсов;</li>
	<li>
	<p>анализ статистики SMM-продвижения компании.</p>
	</li>
</ul>
', '<ul class=''list''>
	<li>Знание Английского ОБЯЗАТЕЛЬНО</li>
	<li>знание механизмов продвижения в соцсетях и SMM-инструментов</li>
	<li>написание текстового контента, отвечающего требованию социальных сетей;</li>
	<li>умение настраивать таргетированную рекламу в соцсетях</li>
	<li>понимание аудитории, умение с ней работать и общаться на одном языке, навыки комьюнити-менеджмента;</li>
	<li>генерация креативных идей по продвижению в соцсетях</li>
	<li>создание контента ОТ и ДО</li>
</ul>
', '', 'SMM, instagram, Интернет-реклама, Копирайтинг, Управление проектами, Наполнение контентом,', '', '', 'rub', 'Aleksandr', 'Vic.but2013@gmail.com', 'aleksandr@rede.media', 1, '');
INSERT INTO ucvhcqdk_develop.rw_jobs (id, created_at, updated_at, published, company_title, company_about, company_logo, job_categories_id, title, employment_types_id, description, duties, requirements, conditions, skills, min_salary, max_salary, currency, contact_person_name, contact_person_email, contact_person_other, status, temp_url) VALUES (76, 1555323787, 1555323813, 1555323813, 'Детский Город', '<p>Семейный интернет-магазин &laquo;Смолл Сити&raquo; работает с 2014 года, постоянно расширяя клиентскую базу и штат сотрудников. С нашей помощью люди по всей России приобретают все, что им нужно, не выходя из дома. Цель компании &ndash; предоставить клиентам качественные товары по выгодным ценам и обеспечить максимально быструю доставку. Наши сотрудники сопровождают покупателей с момента создания заказа до его получения: помогают сделать оптимальный выбор, сообщая всю необходимую информацию об изделиях и помогая с поиском по сайту, уточняют удобный способ оплаты и доставки, информируют о статусе заказа.</p>', '15-04-19-01-23-02.png', 5, 'SMM-менеджер', 1, '', '<p>- Полное ведение ВК, Одноклассники, Инстаграм;<br />
- Разработка и анализ портрета целевой аудитории;<br />
- Разработка концепции и стилистики аккаунта с учетом особенностей ЦА, философии бренда и потребностей заказчика;<br />
- Разработка стратегии продвижения;<br />
- Создание контент-плана;<br />
- Разработка рубрик;<br />
- Формирование имиджа бренда в социальных сетях;<br />
- Написание текстов;<br />
- Подбор тегов и геолокациий;<br />
- Ежедневный постинг;<br />
- Мониторинг конкурентов.</p>
', '<ul class=''list''>
	<li>Умение вести самостоятельную работу. Нацеленность на результат, а не на процесс.</li>
	<li>Пунктуальность, коммуникабельность, высокая работоспособность.</li>
</ul>
', '', '', '15000', '20000', 'rub', 'Евгений Николаевич', 'Vic.but2013@gmail.com', '+7 (913) 0069789
enl06@mail.ru', 1, '');
INSERT INTO ucvhcqdk_develop.rw_jobs (id, created_at, updated_at, published, company_title, company_about, company_logo, job_categories_id, title, employment_types_id, description, duties, requirements, conditions, skills, min_salary, max_salary, currency, contact_person_name, contact_person_email, contact_person_other, status, temp_url) VALUES (77, 1555324050, 1555333204, 1555333200, 'Райцентр', '<p>SGroup - успешный холдинг, зарекомендовавший себя в Республике Чувашия&nbsp;и реализовавший уже пять разноплановых развлекательных проектов в сфере общественного питания.&nbsp;</p>', '15-04-19-01-26-59.png', 5, 'SMM-менеджер', 1, '', '<ul class=''list''>
	<li>Создавать и размещать контент исходя из утвержденного&nbsp;SMM-плана для сообществ брендов компании</li>
	<li>Комьюнити-менеджмент: (ответы на комментарии,отрабатывание негатива ,стимулирование активности)</li>
	<li>Обеспечивать стабильный и качественный рост сообществ бренда в социальных сетях</li>
	<li>Приводить трафик из социальных сетей в заведения компании.</li>
	<li>Внедрять ценности и визуальное оформления брендов.</li>
	<li>Участвовать (активно) в увлекательном процессе формирования идеального медиапланов.</li>
	<li>Внимательно наблюдать за конкурентами, анализировать и реагировать чтобы быть на шаг впереди всех.</li>
</ul>
', '<ul class=''list''>
	<li>знание основ и принципов работы и продвижения соц.сетей</li>
	<li>Опыт одновременно в&nbsp;SMM&nbsp;и комьюнити-менеджменте - не обязателен, но будет преимуществом</li>
	<li>Умение писать грамотные логичные нескучные тексты. В целом развитые навыки коммуникации &ndash; как письменной, так и устной.</li>
	<li>Умение подбирать графический контент, отличать хороший контент от плохого в условиях конкретной концепции бренда</li>
	<li>Фотошоп на уверенном среднем уровне и выше будет преимуществом.</li>
	<li>Самостоятельность (думаем сами - решаем сами).</li>
	<li>Внимательность к деталям. Впишите кодовую фразу &quot;маст хэв тудэй&quot; при отклике на вакансию.</li>
	<li>Хорошее чувство юмора.</li>
	<li>Искреннее стремление работать на результат и демонстрировать его.</li>
</ul>
', '<ul class=''list''>
	<li>5-ти дневная рабочая неделя.</li>
	<li>Стабильная зарплата, которая всегда выплачивается в срок на карту.</li>
	<li>Премии при выполнении планов.</li>
	<li>Все социальные гарантии по ТК.</li>
	<li>Возможность профессионального роста: маркетолог -&gt; руководитель отдела -&gt; коммерческий ди⁠ректор или ди⁠ректор по развитию -&gt; до финального босса ещё никто не добрался :).</li>
	<li>Возможность впитывать разносторонний опыт коллег и быть в центре интереснейших событий города.</li>
</ul>
', '', '10000', '', 'rub', 'Перлов Артем', 'Vic.but2013@gmail.com', '+7 (967) 4712500', 1, '');
INSERT INTO ucvhcqdk_develop.rw_jobs (id, created_at, updated_at, published, company_title, company_about, company_logo, job_categories_id, title, employment_types_id, description, duties, requirements, conditions, skills, min_salary, max_salary, currency, contact_person_name, contact_person_email, contact_person_other, status, temp_url) VALUES (78, 1555324435, 1555333205, 1555333200, 'Фабрика Окон', '<p>&quot;Фабрика Окон&quot; находится на рынке более 14 лет и является лидером среди оконных компаний, делая акцент на действительно искреннем сервисе и отличном качестве.</p>', '15-04-19-01-33-50.png', 1, 'Frontend-разработчик', 1, '', '<ul class=''list''>
	<li>поддержка проекта (проектов) на MODX Revo(функционал + работа с api);</li>
	<li>рефакторинг и написание нового функционала;</li>
</ul>
', '<ul class=''list''>
	<li>опыт работы в аналогичной должности;</li>
	<li>хорошее знание JavaScript (jQuery), опыт работы с Ajax;</li>
	<li>отличное владение HTML5+CSS, владение адаптивной версткой;</li>
	<li>основы использования распределённых систем управления версиями - GIT;</li>
	<li>умение разбираться в чужом коде.</li>
</ul>
', '<ul class=''list''>
	<li>интересные задачи;</li>
	<li>возможность реализовывать новые маркетинговые инструменты;</li>
	<li>молодой, креативный коллектив;</li>
	<li>адекватный руководитель.</li>
</ul>
', '', '', '', 'rub', 'Гречанникова Анастасия', 'Vic.but2013@gmail.com', 'a.grechannikova@fabrikon.ru', 1, '');
INSERT INTO ucvhcqdk_develop.rw_jobs (id, created_at, updated_at, published, company_title, company_about, company_logo, job_categories_id, title, employment_types_id, description, duties, requirements, conditions, skills, min_salary, max_salary, currency, contact_person_name, contact_person_email, contact_person_other, status, temp_url) VALUES (79, 1555325063, 1555333205, 1555333200, 'ANCOR FinTech', '<p>ANCOR&nbsp;FinTech&nbsp;входит в холдинг АНКОР. Клиентами&nbsp;ANCOR&nbsp;FinTech&nbsp;являются компании, представляющие финансово-банковский сектор и сферу ИТ/Телеком.</p>', '15-04-19-01-44-09.png', 1, 'Frontend-разработчик', 1, '', '<ul class=''list''>
	<li>&nbsp;Проектирование, разработка, тестирование, отладка и сопровождение&nbsp;frontend-приложений.</li>
	<li>Работа в кросс-функциональной команде.</li>
	<li>Выполнение проектных, кодовых и тестовых проверок ПО.</li>
</ul>
', '<ul class=''list''>
	<li>
	<p>Опыт от 3-х лет в&nbsp;front-end&nbsp;разработке</p>
	</li>
	<li>
	<p>Опыт работы с React + Redux или с AngularJS</p>
	</li>
	<li>
	<p>Умение писать поддерживаемый код и юнит-тесты, Domain-driven Design и Code Reviews.</p>
	</li>
	<li>
	<p>Intermediate English, важен навык деловой переписки и желание совершенствовать свой уровень английского.</p>
	</li>
	<li>
	<p>&nbsp;Отличный опыт работы с JavaScript (желательно ES2015+), HTML и CSS;</p>
	</li>
	<li>
	<p>Знание современных концепций, таких как: Promises, Ajax and RESTful API, WebsSockets, SPA, responsive UI.</p>
	</li>
	<li>
	<p>Понимание OOP и Design Patterns;</p>
	</li>
	<li>
	<p>Система контроля версий -Git.</p>
	</li>
	<li>
	<p>Знание операционных систем на базе Unix/Linux</p>
	</li>
	<li>
	<p>Docker, docker-compose</p>
	</li>
	<li>
	<p>Git</p>
	</li>
	<li>
	<p>А если еще Вы знакомы или интересуетесь Node. Js, Webpack ( tuning) и созданием инфраструктур тестирования Karma/AVA/Mocha/Jasmine,то будем рады предложить Вам самые интересные задачи и высокий уровень оплаты!</p>

	<p>-soft skills: коммуникабельность, самоорганизованность.</p>
	</li>
</ul>
', '<ul class=''list''>
	<li>Стабильность прежде всего! Наши проекты не однодневки и требуют постоянного погружения и развития их.</li>
	<li>&nbsp;Высокий уровень оплаты Вашего труда. Уровень заработной платы обсуждается индивидуально по итогам собеседования. Бонусная система.</li>
	<li>
	<p>Возможность распределенного, гибкого, свободного графика.</p>
	</li>
	<li>
	<p>Комфортный офис в центре города, бесплатная парковка</p>
	</li>
	<li>
	<p>Профессиональная и доброжелательная команда разработчиков, приветствующая продвинутые технологии. В офисе работают еще четыре&nbsp;Frontend&nbsp;разработчика и другие специалисты.</p>
	</li>
	<li>
	<p>&quot;Прокачка&quot; Вашего английского с перспективой роста до Lead по международному web-проекту с отдельной командой.</p>
	</li>
</ul>
', 'JavaScript , react , AngularJS', '100000', '', 'rub', 'Васильева Ольга   +7 (961) 8731911  Telegram', 'Vic.but2013@gmail.com', 'o.vasileva@nvs.ancor.ru', 1, '');
INSERT INTO ucvhcqdk_develop.rw_jobs (id, created_at, updated_at, published, company_title, company_about, company_logo, job_categories_id, title, employment_types_id, description, duties, requirements, conditions, skills, min_salary, max_salary, currency, contact_person_name, contact_person_email, contact_person_other, status, temp_url) VALUES (80, 1555342189, 1555342295, 1555342295, 'bhags.ru', '<p>Мы являемся совсем молодой компаний, но с большими амбициями и с огромным желанием выйти на международный рынок.<br />
<br />
BHAGs&nbsp;&mdash; это&nbsp; экосистема для бизнеса полного цикла от обучения до продвижения проектов и компаний</p>', '15-04-19-06-29-42.png', 1, 'Frontend-разработчик', 2, '', '<ul class=''list''>
	<li>
	<p>Реализация новой функциональности продукта;</p>
	</li>
	<li>
	<p>Продумывание взаимодействия пользователя с UI;</p>
	</li>
	<li>
	<p>Участие в совместных планированиях</p>
	</li>
</ul>
', '<ul class=''list''>
	<li>
	<p>Опыт разработки на React от 2-х лет;</p>
	</li>
	<li>
	<p>Знание ES6 (async/await, Promise);</p>
	</li>
	<li>
	<p>Знание библиотек React и Redux;</p>
	</li>
	<li>
	<p>Знание стандартов сетевого взаимодействия (REST, GraphQL);</p>
	</li>
	<li>
	<p>HTML5, CSS3, Flexbox;</p>
	</li>
	<li>
	<p>Git</p>
	</li>
</ul>
', '<ul class=''list''>
	<li>
	<p>Официальное трудоустройство;</p>
	</li>
	<li>
	<p>Широкие возможности для профессионального и карьерного роста;</p>
	</li>
	<li>
	<p>Интересная работа в команде профессионалов;</p>
	</li>
	<li>
	<p>Гибкий рабочий график;</p>
	</li>
	<li>
	<p>Дружественная атмосфера</p>
	</li>
</ul>
', 'SVG, Redux, Canvas, GraphQL , ES6, React, CSS3, Promise, async, REST ,', '100000', '150000', 'rub', 'Газизов Александр', 'Vic.but2013@gmail.com', '+7 (963) 9266172

a.gazizov@bhags.ru', 1, '');
