{
  "name": "chosen",
  "description": "Chosen is a JavaScript plugin that makes select boxes user-friendly. It is currently available in both jQuery and Prototype flavors.",
  "keywords": [
    "select",
    "multiselect",
    "dropdown",
    "form",
    "input",
    "ui"
  ],
  "homepage": "https://harvesthq.github.io/chosen/",
  "license": "https://github.com/harvesthq/chosen/blob/master/LICENSE.md",
  "authors": [
    {
      "name": "Patrick Filler",
      "url": "https://github.com/pfiller"
    },
    {
      "name": "Christophe Coevoet",
      "url": "https://github.com/stof"
    },
    {
      "name": "Ken Earley",
      "url": "https://github.com/kenearley"
    },
    {
      "name": "Koen Punt",
      "url": "https://github.com/koenpunt"
    }
  ],
  "dependencies": {},
  "main": [
    "chosen.jquery.js",
    "chosen.css"
  ],
  "ignore": [],
  "repository": {
    "type": "git",
    "url": "https://github.com/harvesthq/chosen.git"
  },
  "version": "1.8.7",
  "_release": "1.8.7",
  "_resolution": {
    "type": "version",
    "tag": "v1.8.7",
    "commit": "e478a63a8ecb3d5014f36b644d31ad247aef2f8b"
  },
  "_source": "https://github.com/harvesthq/bower-chosen.git",
  "_target": "^1.8.7",
  "_originalSource": "chosen",
  "_direct": true
}